"Site_ID","Date","Temperature_1_Slope","Temperature_2_Slope","Temperature_3_Slope","Temperature_1_Rsquare","Temperature_2_Rsquare","Temperature_3_Rsquare","Temperature_1_RMSE","Temperature_2_RMSE","Temperature_3_RMSE","Temperature_1_NRMSE","Temperature_2_NRMSE","Temperature_3_NRMSE","Temperature_1_Mean","Temperature_2_Mean","Temperature_3_Mean","Temperature_1_Range","Temperature_2_Range","Temperature_3_Range","Dissolved_Oxygen_1_Slope","Dissolved_Oxygen_2_Slope","Dissolved_Oxygen_3_Slope","Dissolved_Oxygen_1_Rsquare","Dissolved_Oxygen_2_Rsquare","Dissolved_Oxygen_3_Rsquare","Dissolved_Oxygen_1_RMSE","Dissolved_Oxygen_2_RMSE","Dissolved_Oxygen_3_RMSE","Dissolved_Oxygen_1_NRMSE","Dissolved_Oxygen_2_NRMSE","Dissolved_Oxygen_3_NRMSE","Dissolved_Oxygen_1_Mean","Dissolved_Oxygen_2_Mean","Dissolved_Oxygen_3_Mean","Dissolved_Oxygen_1_Range","Dissolved_Oxygen_2_Range","Dissolved_Oxygen_3_Range","Dissolved_Oxygen_Saturation_1_Slope","Dissolved_Oxygen_Saturation_2_Slope","Dissolved_Oxygen_Saturation_3_Slope","Dissolved_Oxygen_Saturation_1_Rsquare","Dissolved_Oxygen_Saturation_2_Rsquare","Dissolved_Oxygen_Saturation_3_Rsquare","Dissolved_Oxygen_Saturation_1_RMSE","Dissolved_Oxygen_Saturation_2_RMSE","Dissolved_Oxygen_Saturation_3_RMSE","Dissolved_Oxygen_Saturation_1_NRMSE","Dissolved_Oxygen_Saturation_2_NRMSE","Dissolved_Oxygen_Saturation_3_NRMSE","Dissolved_Oxygen_Saturation_1_Mean","Dissolved_Oxygen_Saturation_2_Mean","Dissolved_Oxygen_Saturation_3_Mean","Dissolved_Oxygen_Saturation_1_Range","Dissolved_Oxygen_Saturation_2_Range","Dissolved_Oxygen_Saturation_3_Range"
"S13R","2021-08-30","4.717e-05","4.171e-05","4.901e-05","0.8877","0.8798","0.9474","0.03225","0.02963","0.0222","0.002854","0.002621","0.001966","11.3","11.31","11.29","0.323","0.287","0.341","4.102e-06","1.407e-06","3.416e-07","0.3272","0.1256","0.007601","0.01131","0.007136","0.007505","0.001184","0.0007561","0.0007571","9.552","9.438","9.913","0.088","0.045","0.042","0.0001322","9.566e-05","0.0001053","0.9572","0.9392","0.9296","0.05376","0.04678","0.0557","0.0006164","0.0005427","0.0006155","87.22","86.19","90.49","1.026","0.7104","0.8697"
"S14","2021-08-30","0.0002171","0.000215","0.0002171","0.9932","0.9914","0.9932","0.03452","0.03852","0.03465","0.002326","0.002597","0.002332","14.84","14.83","14.86","1.319","1.274","1.293","-1.864e-06","-2.46e-06","-8.133e-06","0.1672","0.261","0.8168","0.007998","0.007957","0.007404","0.000883","0.0008878","0.0007916","9.058","8.963","9.354","0.044","0.047","0.073","0.000402","0.0003877","0.0003538","0.9835","0.9836","0.9815","0.1001","0.09611","0.09331","0.001118","0.001085","0.001009","89.52","88.57","92.47","2.41","2.277","2.109"
"S15","2021-09-01","9.557e-05","0.0001044","0.0001057","0.9321","0.9634","0.972","0.04961","0.03914","0.03448","0.005331","0.004208","0.003711","9.305","9.299","9.29","0.61","0.674","0.693","1.441e-06","2.109e-07","-1.091e-06","0.06912","0.002273","0.06203","0.01016","0.008494","0.008158","0.0009906","0.0008325","0.0007788","10.26","10.2","10.48","0.065","0.041","0.04","0.0002166","0.0002234","0.0002209","0.967","0.9732","0.9659","0.0769","0.07133","0.07976","0.0008602","0.0008024","0.000874","89.41","88.9","91.26","1.586","1.528","1.571"
"S17R","2021-08-31","4.252e-05","4.427e-05","4.116e-05","0.9714","0.9789","0.9716","0.01401","0.01249","0.01354","0.001005","0.0008948","0.0009703","13.95","13.96","13.95","0.312","0.338","0.313","9.812e-07","-4.468e-07","-7.972e-07","0.08496","0.02298","0.05847","0.006191","0.0056","0.00615","0.0006923","0.00063","0.0006703","8.943","8.889","9.175","0.036","0.027","0.036","9.054e-05","7.953e-05","7.276e-05","0.8984","0.9177","0.8308","0.05853","0.0458","0.06313","0.0006753","0.0005315","0.0007098","86.68","86.17","88.94","0.7077","0.6333","0.5813"
"S18R","2021-08-31","-6.691e-06","-3.881e-06","-8.775e-06","0.08699","0.03228","0.1714","0.04167","0.04085","0.03709","0.003383","0.003318","0.003013","12.32","12.31","12.31","0.15","0.142","0.151","-2.521e-07","-1.11e-06","-1.835e-06","0.00547","0.1069","0.2529","0.006536","0.006171","0.006062","0.0006905","0.0006564","0.0006237","9.466","9.401","9.72","0.03","0.033","0.039","-1.575e-05","-1.809e-05","-3.517e-05","0.07918","0.1209","0.3861","0.1033","0.09379","0.08524","0.001167","0.001067","0.0009385","88.47","87.86","90.83","0.4277","0.4036","0.4601"
"S19","2021-08-30","0.0001726","0.0001607","0.0001559","0.9751","0.9617","0.9506","0.05252","0.06112","0.06771","0.003593","0.004181","0.004627","14.62","14.62","14.63","1.071","0.991","0.966","-3.326e-06","-1.013e-06","-5.431e-07","0.4357","0.06265","0.01887","0.00721","0.007462","0.007461","0.0007837","0.0008087","0.0008037","9.2","9.227","9.283","0.045","0.037","0.04","0.0003065","0.0003068","0.0003038","0.9761","0.9762","0.971","0.09138","0.09121","0.1001","0.00101","0.001005","0.001096","90.48","90.75","91.33","1.964","1.998","1.979"
"S19E","2021-08-30","-9.772e-05","-8.643e-05","-7.609e-05","0.9016","0.8409","0.7728","0.06038","0.07033","0.07716","0.003256","0.00379","0.00416","18.55","18.56","18.55","0.657","0.614","0.58","-9.064e-07","-1.002e-06","-2.968e-07","0.06675","0.07657","0.01403","0.00634","0.006512","0.004654","0.0007685","0.000788","0.0005592","8.25","8.264","8.323","0.029","0.035","0.024","-0.0001848","-0.0001658","-0.0001407","0.9248","0.8875","0.7842","0.09858","0.1105","0.138","0.001119","0.001251","0.001553","88.12","88.29","88.9","1.282","1.214","1.023"
"S20R","2021-09-02","7.222e-05","7.129e-05","7.154e-05","0.9688","0.9774","0.9836","0.02491","0.02082","0.01774","0.001406","0.001176","0.001002","17.72","17.71","17.7","0.49","0.489","0.481","-4.16e-06","-3.397e-06","-5.573e-06","0.6855","0.5998","0.7841","0.005417","0.005335","0.005622","0.0006156","0.0006103","0.0006279","8.799","8.742","8.953","0.047","0.041","0.054","9.389e-05","9.923e-05","8.012e-05","0.899","0.9018","0.8437","0.06051","0.06294","0.0663","0.0006548","0.0006857","0.0007053","92.41","91.79","94","0.6978","0.7155","0.6489"
"S21R","2021-09-02","0.0001041","0.000103","0.0001074","0.9523","0.9618","0.9548","0.04481","0.03945","0.04492","0.003237","0.00285","0.003248","13.84","13.84","13.83","0.713","0.721","0.739","1.662e-06","2.699e-06","-5.426e-08","0.2394","0.4966","0.0002367","0.005697","0.005224","0.006779","0.0006425","0.0005933","0.0007511","8.866","8.804","9.026","0.033","0.035","0.034","0.0002127","0.0002193","0.0002059","0.9605","0.9635","0.9267","0.0829","0.082","0.1113","0.0009669","0.0009631","0.001276","85.73","85.14","87.26","1.495","1.424","1.402"
"S23","2021-08-31","-1.453e-05","-1.593e-05","-2.26e-05","0.2364","0.2935","0.4689","0.05021","0.04751","0.04624","0.002774","0.002624","0.002554","18.1","18.1","18.1","0.227","0.236","0.286","-3.055e-06","-2.985e-06","-2.549e-06","0.4231","0.4451","0.3672","0.006859","0.006407","0.006433","0.0007959","0.0007497","0.0007318","8.618","8.546","8.791","0.051","0.054","0.041","-5.944e-05","-6.108e-05","-7.001e-05","0.6357","0.663","0.6917","0.08652","0.08371","0.08987","0.0009485","0.0009253","0.0009659","91.21","90.47","93.04","0.6856","0.6728","0.717"
"S24R","2021-09-01","0.0002553","0.0002509","0.0002596","0.9561","0.9497","0.9592","0.1052","0.111","0.1029","0.007431","0.00784","0.007259","14.16","14.16","14.17","1.637","1.557","1.654","-9.604e-06","-1.194e-05","-1.1e-05","0.7067","0.7717","0.8062","0.01189","0.01249","0.01036","0.001223","0.001294","0.001047","9.722","9.651","9.895","0.104","0.108","0.1","0.0004355","0.0003995","0.0004403","0.9486","0.9502","0.9598","0.1949","0.1759","0.1732","0.002059","0.001872","0.001797","94.66","93.97","96.38","2.692","2.301","2.679"
"S25","2021-08-30","0.0001238","0.0001147","0.0001205","0.9783","0.9856","0.9764","0.03478","0.02618","0.03534","0.002077","0.001567","0.002111","16.74","16.71","16.74","0.713","0.662","0.67","-1.18e-05","-2.699e-06","7.259e-08","0.6887","0.3264","0.000437","0.01498","0.007319","0.006554","0.001766","0.0008589","0.0007625","8.479","8.521","8.596","0.102","0.043","0.03","0.0001046","0.0001828","0.000224","0.535","0.9292","0.9509","0.1841","0.09527","0.09605","0.00211","0.001087","0.001086","87.26","87.64","88.45","0.9905","1.153","1.342"
"S26R","2021-08-31","0.0001887","0.0001812","0.0001821","0.9507","0.9488","0.951","0.08259","0.08094","0.07945","0.006149","0.006049","0.005925","13.43","13.38","13.41","1.214","1.187","1.178","-1.555e-06","-1.303e-06","3.033e-06","0.1577","0.1123","0.5169","0.006909","0.007043","0.005638","0.0007287","0.0007408","0.0006047","9.481","9.508","9.324","0.041","0.039","0.034","0.0003654","0.0003537","0.0003899","0.9563","0.9393","0.9638","0.1501","0.1728","0.1453","0.001652","0.001899","0.001627","90.85","91.01","89.3","2.425","2.359","2.488"
"S27R","2021-09-03","0.0001653","0.0001725","0.0001798","0.8529","0.8768","0.8782","0.132","0.1243","0.1287","0.01571","0.01475","0.01529","8.399","8.425","8.421","1.223","1.259","1.316","3.647e-06","2.597e-06","-2.454e-07","0.3301","0.2915","0.002995","0.009988","0.007783","0.008608","0.000942","0.0007421","0.0008003","10.6","10.49","10.76","0.087","0.047","0.043","0.0003941","0.0003971","0.0003985","0.8726","0.8814","0.8765","0.2895","0.2801","0.2876","0.003202","0.00313","0.003134","90.41","89.49","91.76","3.201","3.023","3.046"
"S28R","2021-09-01","0.0001951","0.0001881","0.0001861","0.9509","0.9464","0.9453","0.09134","0.09229","0.09228","0.007985","0.008081","0.00807","11.44","11.42","11.43","1.341","1.294","1.277","-7.01e-06","-8.728e-06","-4.718e-06","0.7504","0.7951","0.5501","0.008331","0.009132","0.008794","0.0008098","0.0008801","0.0008445","10.29","10.38","10.41","0.077","0.082","0.057","0.0003582","0.0003307","0.0003646","0.9474","0.949","0.9522","0.174","0.1581","0.1683","0.001846","0.001664","0.001765","94.25","95.02","95.38","2.471","2.38","2.535"
"S28RE","2021-09-01","0.0001428","0.0001321","0.0001527","0.9933","0.9864","0.9979","0.02262","0.02983","0.01332","0.001362","0.001795","0.000803","16.61","16.62","16.59","0.91","0.849","1.012","-1.024e-05","-1.013e-05","-1.115e-05","0.8917","0.823","0.9149","0.006862","0.009031","0.006536","0.0007451","0.0009743","0.0007001","9.21","9.269","9.335","0.086","0.096","0.1","0.0001783","0.0001597","0.0001927","0.9693","0.9374","0.9737","0.06099","0.07938","0.0609","0.0006453","0.0008344","0.000636","94.51","95.14","95.75","1.213","1.013","1.234"
"S29R","2021-08-31","5.826e-05","5.843e-05","5.667e-05","0.9835","0.9863","0.976","0.01449","0.01324","0.01709","0.0008371","0.000766","0.0009884","17.31","17.29","17.29","0.406","0.398","0.406","1.094e-06","2.739e-07","2.33e-07","0.146","0.01063","0.007561","0.005089","0.005082","0.005131","0.0005983","0.0005951","0.0005955","8.505","8.539","8.617","0.028","0.022","0.026","0.0001185","0.0001107","0.000108","0.9497","0.9543","0.9571","0.0524","0.04654","0.04396","0.0005915","0.0005236","0.0004901","88.58","88.88","89.71","0.8774","0.8176","0.7561"
"S30R","2021-08-31","0.0002555","0.0002519","0.0002421","0.9859","0.9841","0.9838","0.0587","0.06155","0.05981","0.003251","0.003411","0.003336","18.06","18.05","17.93","1.644","1.601","1.594","-2.515e-05","-4.161e-05","-1.798e-05","0.9335","0.9889","0.9054","0.01291","0.008464","0.01118","0.00128","0.0008611","0.00111","10.08","9.829","10.07","0.195","0.282","0.148","0.0002917","9.632e-05","0.0003384","0.968","0.6536","0.924","0.1019","0.1348","0.1866","0.0009562","0.001297","0.001757","106.6","103.9","106.2","1.885","0.9568","2.295"
"S31","2021-09-01","0.0001452","0.0001357","0.0001325","0.9918","0.9749","0.9847","0.02543","0.04185","0.03173","0.001736","0.002863","0.002174","14.65","14.62","14.6","0.916","0.837","0.882","-1.099e-05","-4.459e-06","-1.039e-05","0.8839","0.4528","0.7754","0.007659","0.009424","0.01075","0.0007934","0.0009906","0.001109","9.653","9.513","9.693","0.088","0.058","0.108","0.0001913","0.0002319","0.0001723","0.9608","0.8975","0.882","0.07423","0.1507","0.1211","0.0007814","0.00161","0.001271","94.99","93.56","95.29","1.375","1.533","1.374"
"S32","2021-09-02","0.0001171","0.0001264","0.0001259","0.9723","0.9834","0.9826","0.03802","0.03158","0.0322","0.002576","0.002135","0.002174","14.76","14.79","14.81","0.784","0.827","0.827","-5.239e-06","-1.01e-06","2.113e-06","0.6297","0.09168","0.2433","0.007724","0.006113","0.007165","0.000844","0.0006783","0.0007845","9.151","9.013","9.134","0.063","0.032","0.041","0.0001774","0.0002337","0.0002667","0.8996","0.9739","0.9903","0.114","0.07349","0.05066","0.001262","0.000826","0.0005616","90.29","88.97","90.21","1.383","1.702","1.883"
"S36","2021-09-02","0.0001571","0.000156","0.0001424","0.9886","0.9835","0.9764","0.03237","0.03883","0.0426","0.001879","0.002246","0.002464","17.22","17.29","17.29","1.092","1.015","0.931","-7.403e-05","-7.905e-05","-8.393e-05","0.9791","0.9366","0.9627","0.02079","0.03953","0.03175","0.001819","0.00354","0.00275","11.43","11.17","11.55","0.508","0.596","0.584","-0.0003819","-0.0004458","-0.0005184","0.9262","0.7617","0.8541","0.2073","0.4793","0.412","0.001745","0.004125","0.003428","118.8","116.2","120.2","2.84","3.739","3.798"
"S37","2021-08-30","5.403e-05","5.453e-05","5.248e-05","0.8825","0.8791","0.8776","0.03791","0.03888","0.03769","0.002454","0.002519","0.002447","15.45","15.44","15.4","0.361","0.36","0.352","-6.081e-07","-1.31e-06","-1.153e-06","0.03583","0.17","0.1004","0.006065","0.005566","0.006638","0.0006612","0.0006182","0.0007246","9.172","9.003","9.16","0.03","0.035","0.028","0.0001002","9.216e-05","9.153e-05","0.7871","0.8244","0.808","0.1002","0.08176","0.08578","0.001091","0.0009072","0.0009363","91.84","90.13","91.62","0.7201","0.6865","0.7046"
"S38","2021-09-01","7.809e-05","7.299e-05","8.102e-05","0.8821","0.9268","0.9282","0.05489","0.03944","0.04333","0.004034","0.002903","0.003194","13.61","13.58","13.57","0.455","0.419","0.498","1.889e-05","1.012e-05","2.486e-05","0.8313","0.68","0.8702","0.01637","0.01334","0.01846","0.00284","0.002387","0.003211","5.762","5.589","5.75","0.148","0.089","0.147","0.0002771","0.0001839","0.000338","0.8756","0.8369","0.9116","0.2008","0.1561","0.2023","0.003623","0.002904","0.003661","55.43","53.74","55.27","1.87","1.145","1.886"
"S39","2021-08-30","0.0001274","0.0001121","0.0001331","0.9932","0.9786","0.9851","0.02025","0.03186","0.03143","0.001492","0.002342","0.002326","13.57","13.61","13.51","0.927","0.803","0.997","-2.518e-06","-1.279e-06","-2.942e-06","0.336","0.1129","0.3562","0.006806","0.006894","0.007604","0.0007161","0.0007464","0.0008001","9.505","9.236","9.504","0.042","0.035","0.045","0.0002333","0.0002079","0.0002408","0.9797","0.9575","0.9656","0.06464","0.08419","0.08734","0.0007075","0.0009477","0.0009575","91.36","88.84","91.22","1.702","1.439","1.897"
"S49R","2021-08-31","0.0001164","0.0001136","0.0001153","0.9703","0.9651","0.9715","0.03913","0.04154","0.03795","0.0027","0.002871","0.00262","14.49","14.47","14.49","0.777","0.744","0.76","-4.989e-06","-6.11e-06","-9.251e-06","0.6867","0.7707","0.8997","0.006478","0.006406","0.005938","0.0006867","0.0006695","0.0006286","9.433","9.569","9.448","0.049","0.058","0.076","0.0001855","0.0001722","0.0001418","0.9446","0.9297","0.9038","0.08639","0.09103","0.08898","0.0009336","0.0009704","0.0009604","92.53","93.8","92.65","1.398","1.226","1.003"
"S50","2021-08-30","5.921e-05","5.457e-05","5.373e-05","0.9706","0.9542","0.9531","0.01982","0.02298","0.02291","0.001136","0.00132","0.001316","17.44","17.42","17.4","0.423","0.372","0.371","6.485e-06","2.562e-06","2.076e-06","0.8542","0.4184","0.3486","0.005151","0.005807","0.005457","0.0006394","0.000708","0.0006785","8.057","8.202","8.043","0.054","0.041","0.04","0.0001709","0.0001235","0.0001151","0.9807","0.9341","0.9416","0.04613","0.0631","0.05512","0.0005484","0.0007371","0.0006569","84.12","85.6","83.92","1.235","0.9844","0.939"
"S51","2021-08-31","9.226e-05","9.155e-05","9.379e-05","0.9728","0.9711","0.9787","0.02912","0.03006","0.02635","0.002216","0.002292","0.002004","13.14","13.11","13.15","0.604","0.596","0.622","-4.539e-06","-4.646e-06","-3.357e-06","0.6841","0.6866","0.5754","0.005823","0.005981","0.005494","0.000606","0.0006133","0.0005692","9.609","9.751","9.653","0.043","0.046","0.049","0.0001449","0.0001452","0.0001602","0.9391","0.9401","0.954","0.06969","0.06981","0.06699","0.0007618","0.0007524","0.0007289","91.48","92.77","91.91","1.055","1.081","1.128"
"S55","2021-09-03","0.0001117","0.0001159","0.0001107","0.995","0.995","0.9949","0.01527","0.01577","0.01518","0.0009215","0.0009515","0.0009181","16.57","16.58","16.53","0.714","0.715","0.697","-1.513e-05","-1.272e-05","-1.256e-05","0.9616","0.9197","0.9477","0.005812","0.007221","0.005672","0.0006563","0.0008068","0.0006389","8.856","8.951","8.878","0.112","0.094","0.094","5.795e-05","9.313e-05","8.295e-05","0.7667","0.8533","0.8998","0.06145","0.07424","0.05323","0.0006768","0.0008088","0.0005851","90.8","91.79","90.96","0.5487","0.7233","0.6338"
"S56","2021-09-02","0.0001317","0.000132","0.0001372","0.9518","0.9448","0.9691","0.05695","0.06136","0.04708","0.004669","0.005038","0.003859","12.2","12.18","12.2","0.85","0.877","0.929","-8.579e-06","-7.782e-06","-1.019e-05","0.7982","0.7832","0.8533","0.008292","0.007871","0.008123","0.0007634","0.0007172","0.0007486","10.86","10.98","10.85","0.077","0.07","0.082","0.0002222","0.0002335","0.0002196","0.936","0.9192","0.952","0.1117","0.1331","0.09482","0.001103","0.001302","0.0009375","101.2","102.3","101.1","1.552","1.728","1.725"
"S63","2021-08-31","0.0003361","0.0003275","0.0003465","0.9951","0.9924","0.9959","0.04526","0.05522","0.04261","0.003698","0.0045","0.003493","12.24","12.27","12.2","2.13","2.064","2.272","-5.561e-06","-1.632e-05","-8.499e-06","0.5294","0.8863","0.6934","0.01008","0.01124","0.01086","0.0009702","0.001097","0.001049","10.39","10.24","10.35","0.078","0.14","0.098","0.000686","0.0005564","0.0006788","0.9917","0.9895","0.9909","0.1206","0.1103","0.1253","0.001244","0.001153","0.001298","96.94","95.65","96.52","4.29","3.443","4.195"
"S67","2021-08-30","5.998e-05","6.109e-05","6.064e-05","0.9933","0.9929","0.9922","0.009497","0.00996","0.01036","0.0005245","0.00055","0.0005735","18.11","18.11","18.07","0.396","0.397","0.421","-3.589e-05","-3.714e-05","-2.067e-05","0.9882","0.9878","0.9682","0.007551","0.007928","0.007202","0.0007419","0.0007654","0.0007036","10.18","10.36","10.23","0.219","0.242","0.151","-0.0002476","-0.0002559","-8.417e-05","0.978","0.9761","0.8315","0.07142","0.07697","0.07285","0.0006628","0.0007019","0.0006729","107.8","109.7","108.3","1.533","1.69","0.7499"
"S68","2021-08-30","3.735e-06","2.279e-06","3.013e-06","0.02426","0.01277","0.01618","0.03651","0.03089","0.03622","0.001854","0.00157","0.001839","19.69","19.67","19.69","0.151","0.117","0.151","-1.538e-05","-2.03e-05","-3.369e-05","0.9184","0.9492","0.9783","0.007067","0.007241","0.007728","0.0007351","0.0007441","0.0008079","9.613","9.731","9.565","0.096","0.124","0.195","-0.0001601","-0.0002169","-0.0003617","0.8787","0.9494","0.9901","0.0917","0.07721","0.05565","0.0008728","0.0007261","0.0005323","105.1","106.3","104.5","0.9626","1.309","2.024"
"S71","2021-09-02","0.0001305","0.0001254","0.0001275","0.9858","0.9877","0.9871","0.03039","0.02713","0.02821","0.002867","0.002563","0.002671","10.6","10.58","10.56","0.906","0.887","0.879","-3.416e-06","-5.924e-06","-5.06e-06","0.4828","0.691","0.6411","0.006859","0.007683","0.007344","0.0006834","0.0007602","0.0007221","10.04","10.11","10.17","0.051","0.072","0.06","0.0002438","0.0002125","0.0002263","0.9656","0.9486","0.953","0.08928","0.09596","0.09754","0.0009901","0.001057","0.001068","90.17","90.78","91.3","1.698","1.498","1.541"
"S72","2021-09-03","7.913e-05","7.588e-05","7.326e-05","0.9659","0.9657","0.9615","0.0286","0.02751","0.02819","0.002022","0.001947","0.001994","14.15","14.13","14.14","0.573","0.528","0.529","-8.807e-06","-9.355e-06","-8.328e-06","0.8886","0.8916","0.895","0.005994","0.006272","0.005485","0.0006503","0.0006744","0.0005862","9.216","9.301","9.358","0.073","0.077","0.074","6.972e-05","5.941e-05","6.51e-05","0.8489","0.7371","0.7899","0.05655","0.06822","0.06455","0.0006303","0.0007537","0.0007087","89.72","90.51","91.08","0.5843","0.5817","0.6185"
"S73","2021-09-02","0.0001417","0.0001054","0.0001024","0.9871","0.9914","0.993","0.03166","0.01925","0.01677","0.001887","0.00115","0.001001","16.78","16.75","16.75","0.892","0.671","0.687","-6.784e-06","-1.173e-05","-1.143e-05","0.7132","0.891","0.9256","0.008419","0.008028","0.006341","0.0009049","0.0008576","0.000672","9.303","9.361","9.436","0.071","0.09","0.083","0.0002142","9.203e-05","9.074e-05","0.971","0.796","0.8471","0.07245","0.09117","0.07544","0.0007562","0.0009462","0.0007767","95.81","96.35","97.13","1.51","0.7623","0.7702"
"S75","2021-09-03","0.0001178","0.0001252","0.0001261","0.9769","0.9855","0.9877","0.03516","0.02942","0.02731","0.002197","0.001842","0.001709","16","15.97","15.98","0.759","0.81","0.82","-9.041e-06","-7.616e-06","-1.108e-05","0.873","0.8461","0.9347","0.006688","0.006301","0.005679","0.0007862","0.0007353","0.0006572","8.507","8.569","8.642","0.069","0.065","0.087","0.0001237","0.0001534","0.000122","0.9121","0.9617","0.9387","0.07453","0.05941","0.06049","0.0008648","0.0006847","0.0006912","86.18","86.77","87.52","0.8963","1.003","0.8501"
"S77","2021-09-02","8.795e-05","8.901e-05","8.935e-05","0.989","0.9896","0.9941","0.01786","0.01755","0.01318","0.00122","0.001196","0.0008998","14.64","14.67","14.65","0.586","0.595","0.578","-4.031e-05","-1.726e-05","-1.167e-05","0.9616","0.9392","0.9239","0.01548","0.008441","0.006436","0.001543","0.00082","0.0006293","10.03","10.29","10.23","0.315","0.13","0.092","-0.000208","2.576e-05","8.045e-05","0.8441","0.3494","0.9076","0.1718","0.06757","0.04936","0.001741","0.0006667","0.0004904","98.73","101.4","100.6","1.877","0.426","0.6799"
"S79","2021-09-03","5.965e-05","5.776e-05","5.059e-05","0.9619","0.9516","0.9118","0.02283","0.02504","0.03025","0.001425","0.001561","0.001889","16.02","16.03","16.02","0.401","0.401","0.35","-7.622e-06","-8.417e-06","-7.096e-06","0.7946","0.8064","0.805","0.007449","0.007927","0.006715","0.0008443","0.0008905","0.0007601","8.823","8.902","8.835","0.059","0.064","0.06","3.582e-05","2.514e-05","2.411e-05","0.6346","0.3761","0.3987","0.05225","0.06224","0.05694","0.0005843","0.0006896","0.0006359","89.42","90.26","89.54","0.4922","0.388","0.322"
"S82","2021-09-03","0.0001639","0.0001627","0.000151","0.9471","0.9432","0.9367","0.07446","0.07674","0.07547","0.004832","0.004975","0.004911","15.41","15.42","15.37","0.926","0.917","1.004","-6.183e-06","-1.45e-05","-1.757e-05","0.631","0.9045","0.8606","0.00909","0.00906","0.01359","0.000941","0.000944","0.001397","9.66","9.597","9.727","0.064","0.12","0.177","0.0002776","0.0001895","0.0001389","0.9275","0.8582","0.7556","0.1492","0.1481","0.1519","0.001543","0.001542","0.001562","96.65","96.05","97.23","1.681","1.293","1.052"
"S83","2021-09-03","3.929e-05","4.444e-05","4.083e-05","0.7343","0.7588","0.7523","0.04584","0.0486","0.04545","0.003525","0.003743","0.003501","13","12.99","12.98","0.317","0.343","0.334","5.347e-06","5.733e-06","6.45e-06","0.8679","0.8971","0.9048","0.004047","0.003766","0.004059","0.0006829","0.000654","0.0006818","5.926","5.758","5.954","0.047","0.045","0.058","0.0001001","0.0001086","0.0001127","0.8553","0.8767","0.8855","0.07983","0.07899","0.0786","0.001419","0.001446","0.001392","56.24","54.63","56.48","0.7769","0.7816","0.8937"
"T02","2021-09-07","8.311e-05","7.647e-05","7.939e-05","0.995","0.9613","0.9949","0.01135","0.02949","0.01089","0.0005578","0.001452","0.0005366","20.34","20.31","20.3","0.569","0.511","0.56","-2.326e-05","-2.741e-05","-2.374e-05","0.9877","0.9853","0.985","0.004998","0.006431","0.005636","0.0005969","0.0007597","0.0006593","8.373","8.466","8.549","0.161","0.183","0.165","-0.0001053","-0.0001615","-0.0001142","0.943","0.9711","0.9494","0.04976","0.05356","0.05069","0.0005367","0.0005718","0.0005359","92.71","93.67","94.58","0.8644","1.121","0.8379"
"T03","2021-09-08","5.554e-05","4.342e-05","5.221e-05","0.9566","0.9137","0.9584","0.02274","0.02565","0.0209","0.001334","0.001508","0.001225","17.05","17.01","17.06","0.407","0.314","0.365","-1.448e-05","-1.297e-05","-1.508e-05","0.9669","0.9334","0.9669","0.00515","0.00666","0.005366","0.0005862","0.0007513","0.0005989","8.786","8.865","8.961","0.099","0.1","0.113","-4.468e-05","-5.121e-05","-5.531e-05","0.6284","0.6662","0.8018","0.06605","0.06969","0.05287","0.0007259","0.0007597","0.0005696","90.99","91.74","92.82","0.4247","0.4896","0.5159"
"T05","2021-09-08","9.642e-05","9.018e-05","0.0001085","0.9957","0.9926","0.9953","0.01201","0.01499","0.01426","0.0006647","0.0008294","0.0007879","18.07","18.08","18.1","0.657","0.649","0.742","-2.114e-05","-1.96e-05","-2.285e-05","0.9687","0.9583","0.9786","0.007235","0.007864","0.006494","0.0007975","0.0008544","0.0006997","9.073","9.205","9.282","0.161","0.153","0.169","-3.39e-05","-2.737e-05","-2.336e-05","0.4169","0.2904","0.4368","0.07637","0.08226","0.051","0.0007958","0.0008447","0.0005191","95.96","97.38","98.25","0.5269","0.5238","0.3636"
"T07","2021-09-07","3.638e-05","3.591e-05","3.363e-05","0.8903","0.893","0.8872","0.02455","0.02389","0.02306","0.001222","0.001189","0.001149","20.09","20.09","20.06","0.293","0.31","0.277","-2.448e-05","-2.067e-05","-1.892e-05","0.9868","0.9803","0.9397","0.005448","0.005639","0.009212","0.0007635","0.0007827","0.001269","7.136","7.204","7.261","0.177","0.151","0.141","-0.0002129","-0.0001711","-0.0001549","0.9877","0.9816","0.8759","0.04562","0.04502","0.1121","0.0005802","0.0005672","0.001402","78.63","79.37","79.95","1.518","1.195","1.115"
"U20","2021-09-15","3.017e-05","3.979e-05","3.658e-05","0.8951","0.9214","0.8934","0.01985","0.02234","0.02429","0.001512","0.001707","0.001847","13.13","13.09","13.15","0.272","0.316","0.298","-7.489e-06","-9.851e-06","1.292e-06","0.8579","0.872","0.0004152","0.005859","0.007254","0.1218","0.0006705","0.0007965","0.01386","8.739","9.108","8.793","0.06","0.083","0.527","-1.534e-05","-1.678e-05","8.115e-05","0.1774","0.1155","0.01862","0.06351","0.08928","1.133","0.0007636","0.001031","0.01353","83.17","86.61","83.73","0.3321","0.4701","4.641"
"W10","2021-09-14","6.123e-05","6.443e-05","7.519e-05","0.9892","0.9904","0.9929","0.01229","0.01221","0.01227","0.0009066","0.0009019","0.0009034","13.56","13.54","13.58","0.402","0.428","0.497","-8.378e-06","-1.018e-05","-1.05e-05","0.8602","0.9142","0.9248","0.006493","0.005993","0.00576","0.0006811","0.0006229","0.0005915","9.532","9.621","9.739","0.07","0.081","0.087","4.36e-05","3.407e-05","5.477e-05","0.7077","0.6222","0.8405","0.05387","0.05104","0.04587","0.0005881","0.0005523","0.00049","91.6","92.4","93.62","0.4615","0.4383","0.4659"
"W20","2021-09-14","0.0001667","0.0001619","0.000168","0.9662","0.9649","0.9703","0.05992","0.05938","0.05645","0.004467","0.004436","0.004205","13.41","13.39","13.43","1.031","1.047","1.109","-1.213e-05","-1.142e-05","-1.25e-05","0.9337","0.9013","0.9124","0.006214","0.007268","0.007445","0.0006323","0.0007326","0.0007419","9.828","9.921","10.04","0.08","0.086","0.119","0.0002318","0.000232","0.0002384","0.9278","0.9176","0.9258","0.1244","0.1336","0.1297","0.001321","0.001407","0.001349","94.14","94.97","96.15","1.573","1.568","1.63"
